Andorra	AD	AND	Principality of Andorra	Principality of the Valleys of Andorra	020	ğŸ‡¦ğŸ‡©
United Arab Emirates	AE	ARE		Emirates	784	ğŸ‡¦ğŸ‡ª
Afghanistan	AF	AFG	Islamic Republic of Afghanistan		004	ğŸ‡¦ğŸ‡«
Antigua and Barbuda	AG	ATG			028	ğŸ‡¦ğŸ‡¬
Anguilla	AI	AIA		Malliouhana	660	ğŸ‡¦ğŸ‡®
Albania	AL	ALB	Republic of Albania	ShqipÃ«risÃ«	008	ğŸ‡¦ğŸ‡±
Armenia	AM	ARM	Republic of Armenia	Hayastani Hanrapetutâ€™yun|Hayastan	051	ğŸ‡¦ğŸ‡²
Angola	AO	AGO	Republic of Angola		024	ğŸ‡¦ğŸ‡´
Antarctica	AQ	ATA			010	ğŸ‡¦ğŸ‡¶
Argentina	AR	ARG	Argentine Republic	Republic of Argentina|Republica Argentina	032	ğŸ‡¦ğŸ‡·
American Samoa	AS	ASM		American SÄmoa|Eastern Samoa	016	ğŸ‡¦ğŸ‡¸
Austria	AT	AUT	Republic of Austria	Ã–sterreich	040	ğŸ‡¦ğŸ‡¹
Australia	AU	AUS		Aussieland|Nova Hollandia|New Holland	036	ğŸ‡¦ğŸ‡º
Aruba	AW	ABW			533	ğŸ‡¦ğŸ‡¼
Ã…land Islands	AX	ALA		Ã…land|Aland Islands|Ahvenanmaa	248	ğŸ‡¦ğŸ‡½
Azerbaijan	AZ	AZE	Republic of Azerbaijan	AzÉ™rbaycan	031	ğŸ‡¦ğŸ‡¿
Bosnia and Herzegovina	BA	BIH	Republic of Bosnia and Herzegovina	Bosnia-Herzegovina|Bosnia and Hercegovina|Bosnia	070	ğŸ‡§ğŸ‡¦
Barbados	BB	BRB		Bimshire 	052	ğŸ‡§ğŸ‡§
Bangladesh	BD	BGD	People's Republic of Bangladesh	Bangla	050	ğŸ‡§ğŸ‡©
Belgium	BE	BEL	Kingdom of Belgium	Belgique|BelgiÃ«	056	ğŸ‡§ğŸ‡ª
Burkina Faso	BF	BFA		Upper Volta	854	ğŸ‡§ğŸ‡«
Bulgaria	BG	BGR	Republic of Bulgaria		100	ğŸ‡§ğŸ‡¬
Bahrain	BH	BHR	Kingdom of Bahrain	Mamlakat al-Baá¸¥rayn|Dawlat al-Bahrain	048	ğŸ‡§ğŸ‡­
Burundi	BI	BDI	Republic of Burundi	Uburundi	108	ğŸ‡§ğŸ‡®
Benin	BJ	BEN	Republic of Benin	Dahomey	204	ğŸ‡§ğŸ‡¯
Saint BarthÃ©lemy	BL	BLM		St. Barths|St. BarthÃ©lemy|St. Barthelemy|St. Barth|St. Barts|Saint Barthelemy	652	ğŸ‡§ğŸ‡±
Bermuda	BM	BMU		Virgineola	060	ğŸ‡§ğŸ‡²
Brunei Darussalam	BN	BRN		Brunei|Nation of Brunei, the Abode of Peace	096	ğŸ‡§ğŸ‡³
Bolivia	BO	BOL	Plurinational State of Bolivia		068	ğŸ‡§ğŸ‡´
Bonaire, Sint Eustatius and Saba	BQ	BES	Bonaire, Sint Eustatius and Saba	Netherlands Antilles|Dutch Antilles|Carribean Netherlands|Bonaire|Bonaire, Saint Eustatius and Saba|Caribbean Netherlands|Bonaire, Saint Eustatius and Saba 	535	ğŸ‡§ğŸ‡¶
Brazil	BR	BRA	Federative Republic of Brazil	Brasil	076	ğŸ‡§ğŸ‡·
Bahamas	BS	BHS	Commonwealth of the Bahamas	The Bahamas|Bahama Islands	044	ğŸ‡§ğŸ‡¸
Bhutan	BT	BTN	Kingdom of Bhutan	Druk Yul	064	ğŸ‡§ğŸ‡¹
Bouvet Island	BV	BVT			074	ğŸ‡§ğŸ‡»
Botswana	BW	BWA	Republic of Botswana		072	ğŸ‡§ğŸ‡¼
Belarus	BY	BLR	Republic of Belarus	Byelorussia|Byeloruss|Bielorussia|BielaruÅ›|Belorussia|White Russia	112	ğŸ‡§ğŸ‡¾
Belize	BZ	BLZ		British Honduras	084	ğŸ‡§ğŸ‡¿
Canada	CA	CAN			124	ğŸ‡¨ğŸ‡¦
Cocos (Keeling) Islands	CC	CCK		Territory of the Cocos (Keeling) Islands|Keeling Islands|Cocos Islands	166	ğŸ‡¨ğŸ‡¨
Democratic Republic of the Congo	CD	COD		DRC|Congo-Kinshasa|DR Congo|Zaire|DR Congo|Congo-Kinshasa|Congo (Kinshasa)|Zaire|Congo	180	ğŸ‡¨ğŸ‡©
Central African Republic	CF	CAF		Central Africa	140	ğŸ‡¨ğŸ‡«
Republic of the Congo	CG	COG	Republic of the Congo	Congo-Brazzaville|Congo Republic|Congo|Congo-Brazzaville|Congo (Brazzaville)	178	ğŸ‡¨ğŸ‡¬
Switzerland	CH	CHE	Swiss Confederation	Swiss|Suisse|Schweiz|Svizzera|Svizra	756	ğŸ‡¨ğŸ‡­
CÃ´te d'Ivoire	CI	CIV	Republic of CÃ´te d'Ivoire	Ivory Coast|Cote d'Ivoire|CÃ´te-d'Ivoire|Cote-d'Ivoire|Cote d'lvoire|Cote d'Ivoire	384	ğŸ‡¨ğŸ‡®
Cook Islands	CK	COK		Hervey Islands|Cook Group	184	ğŸ‡¨ğŸ‡°
Chile	CL	CHL	Republic of Chile		152	ğŸ‡¨ğŸ‡±
Cameroon	CM	CMR	Republic of Cameroon		120	ğŸ‡¨ğŸ‡²
China	CN	CHN	People's Republic of China	ZhÅngguÃ³|Zhongguo	156	ğŸ‡¨ğŸ‡³
Colombia	CO	COL	Republic of Colombia	ColombiÃ¡	170	ğŸ‡¨ğŸ‡´
Costa Rica	CR	CRI	Republic of Costa Rica		188	ğŸ‡¨ğŸ‡·
Cuba	CU	CUB	Republic of Cuba		192	ğŸ‡¨ğŸ‡º
Cabo Verde	CV	CPV	Republic of Cabo Verde	Cape Verde|Cape Verde	132	ğŸ‡¨ğŸ‡»
CuraÃ§ao	CW	CUW	CuraÃ§ao	KÃ²rsou|Curocao|CuraÏ‚ao|Curazao|CuraÃ§oa|Curacau|Curacao	531	ğŸ‡¨ğŸ‡¼
Christmas Island	CX	CXR			162	ğŸ‡¨ğŸ‡½
Cyprus	CY	CYP	Republic of Cyprus	Greek Cypriot State	196	ğŸ‡¨ğŸ‡¾
Czechia	CZ	CZE	Czech Republic		203	ğŸ‡¨ğŸ‡¿
Germany	DE	DEU	Federal Republic of Germany	Deutschland	276	ğŸ‡©ğŸ‡ª
Djibouti	DJ	DJI	Republic of Djibouti	JÄ«bÅ«tÄ«|Gabuuti|Jabuuti	262	ğŸ‡©ğŸ‡¯
Denmark	DK	DNK	Kingdom of Denmark	Danmark	208	ğŸ‡©ğŸ‡°
Dominica	DM	DMA	Commonwealth of Dominica	Waiâ€˜tu kubuli|Wai'tu kubuli	212	ğŸ‡©ğŸ‡²
Dominican Republic	DO	DOM		Dominicana	214	ğŸ‡©ğŸ‡´
Algeria	DZ	DZA	People's Democratic Republic of Algeria		012	ğŸ‡©ğŸ‡¿
Ecuador	EC	ECU	Republic of Ecuador		218	ğŸ‡ªğŸ‡¨
Estonia	EE	EST	Republic of Estonia	Eesti Vabariik|Estland	233	ğŸ‡ªğŸ‡ª
Egypt	EG	EGY	Arab Republic of Egypt	Misr	818	ğŸ‡ªğŸ‡¬
Western Sahara	EH	ESH			732	ğŸ‡ªğŸ‡­
Eritrea	ER	ERI	the State of Eritrea	IritriyÄ|ErtrÄ	232	ğŸ‡ªğŸ‡·
Spain	ES	ESP	Kingdom of Spain	Hispania	724	ğŸ‡ªğŸ‡¸
Ethiopia	ET	ETH	Federal Democratic Republic of Ethiopia	Abyssinia	231	ğŸ‡ªğŸ‡¹
Finland	FI	FIN	Republic of Finland	Suomen tasavalta|Land of a Thousand Lakes|Finnia|Suomi	246	ğŸ‡«ğŸ‡®
Fiji	FJ	FJI	Republic of Fiji	Matanitu Tugalala o Viti|FijÄ« Gaá¹‡arÄjya|FijÄ«	242	ğŸ‡«ğŸ‡¯
Falkland Islands	FK	FLK	Falkland Islands (Malvinas)	Malvinas Islands|Islas Malvinas|Falklands	238	ğŸ‡«ğŸ‡°
Micronesia	FM	FSM	Federated States of Micronesia		583	ğŸ‡«ğŸ‡²
Faroe Islands	FO	FRO		Faer Oer|Faroes|Sheep Islands	234	ğŸ‡«ğŸ‡´
France	FR	FRA	French Republic		250	ğŸ‡«ğŸ‡·
Gabon	GA	GAB	Gabonese Republic	Gabonaise	266	ğŸ‡¬ğŸ‡¦
United Kingdom	GB	GBR	United Kingdom of Great Britain and Northern Ireland	Great Britain|Britain|UK|England|Scotland|Wales|Northern Ireland|Britain|Great Britain|England	826	ğŸ‡¬ğŸ‡§
Grenada	GD	GRD			308	ğŸ‡¬ğŸ‡©
Georgia	GE	GEO		Georgia (country)	268	ğŸ‡¬ğŸ‡ª
French Guiana	GF	GUF		Guyane	254	ğŸ‡¬ğŸ‡«
Guernsey	GG	GGY		Bailiwick of Guernsey	831	ğŸ‡¬ğŸ‡¬
Ghana	GH	GHA	Republic of Ghana		288	ğŸ‡¬ğŸ‡­
Gibraltar	GI	GIB			292	ğŸ‡¬ğŸ‡®
Greenland	GL	GRL		Greenlandia|Kalaallit Nunaat|Groenland	304	ğŸ‡¬ğŸ‡±
Gambia	GM	GMB	Republic of the Gambia	The Gambia	270	ğŸ‡¬ğŸ‡²
Guinea	GN	GIN	Republic of Guinea	Guinea-Conakry	324	ğŸ‡¬ğŸ‡³
Guadeloupe	GP	GLP		Karukera|Gwadloup|Gwada	312	ğŸ‡¬ğŸ‡µ
Equatorial Guinea	GQ	GNQ	Republic of Equatorial Guinea		226	ğŸ‡¬ğŸ‡¶
Greece	GR	GRC	Hellenic Republic	Ellada|Hellas	300	ğŸ‡¬ğŸ‡·
South Georgia and the South Sandwich Islands	GS	SGS			239	ğŸ‡¬ğŸ‡¸
Guatemala	GT	GTM	Republic of Guatemala		320	ğŸ‡¬ğŸ‡¹
Guam	GU	GUM		GuÃ¥hÃ¥n|Guahan|GuÃ¥han	316	ğŸ‡¬ğŸ‡º
Guinea-Bissau	GW	GNB	Republic of Guinea-Bissau		624	ğŸ‡¬ğŸ‡¼
Guyana	GY	GUY	Republic of Guyana	British Guiana	328	ğŸ‡¬ğŸ‡¾
Hong Kong	HK	HKG	Hong Kong Special Administrative Region of China	HKSAR	344	ğŸ‡­ğŸ‡°
Heard Island and McDonald Islands	HM	HMD			334	ğŸ‡­ğŸ‡²
Honduras	HN	HND	Republic of Honduras		340	ğŸ‡­ğŸ‡³
Croatia	HR	HRV	Republic of Croatia		191	ğŸ‡­ğŸ‡·
Haiti	HT	HTI	Republic of Haiti	Ayiti	332	ğŸ‡­ğŸ‡¹
Hungary	HU	HUN	Hungary	MagyarorszÃ¡g	348	ğŸ‡­ğŸ‡º
Indonesia	ID	IDN	Republic of Indonesia	East Indies	360	ğŸ‡®ğŸ‡©
Ireland	IE	IRL		Hibernia|Ã‰ire	372	ğŸ‡®ğŸ‡ª
Israel	IL	ISR	State of Israel		376	ğŸ‡®ğŸ‡±
Isle of Man	IM	IMN		Isle of Mann|I. Mannin|I. Mann|I. Man|I. M.|Manx|Mann|the Isle of Man	833	ğŸ‡®ğŸ‡²
India	IN	IND	Republic of India	Indostan|Bharat Ganarajya|Bharatvarsh|Hindoostan|Bharata|Hindustan|Bharat	356	ğŸ‡®ğŸ‡³
British Indian Ocean Territory	IO	IOT			086	ğŸ‡®ğŸ‡´
Iraq	IQ	IRQ	Republic of Iraq	Mesopotamia	368	ğŸ‡®ğŸ‡¶
Iran	IR	IRN	Islamic Republic of Iran	Persia	364	ğŸ‡®ğŸ‡·
Iceland	IS	ISL	Republic of Iceland	Ãsland|Ysland	352	ğŸ‡®ğŸ‡¸
Italy	IT	ITA	Italian Republic	Italia	380	ğŸ‡®ğŸ‡¹
Jersey	JE	JEY		JÃ¨rri|Jerri|Iersey	832	ğŸ‡¯ğŸ‡ª
Jamaica	JM	JAM			388	ğŸ‡¯ğŸ‡²
Jordan	JO	JOR	Hashemite Kingdom of Jordan	Yarden|Giordania	400	ğŸ‡¯ğŸ‡´
Japan	JP	JPN		Land of the Rising Sun|Nippon-koku|Nihon-koku|Nihon|Nippon	392	ğŸ‡¯ğŸ‡µ
Kenya	KE	KEN	Republic of Kenya		404	ğŸ‡°ğŸ‡ª
Kyrgyzstan	KG	KGZ	Kyrgyz Republic	Kyrgyz|Kirghizia	417	ğŸ‡°ğŸ‡¬
Cambodia	KH	KHM	Kingdom of Cambodia	Kampuchea|Kambodzha|Campuchia|Camboya|Kamboja	116	ğŸ‡°ğŸ‡­
Kiribati	KI	KIR	Republic of Kiribati		296	ğŸ‡°ğŸ‡®
Comoros	KM	COM	Union of the Comoros	Udzima wa Komori|Waku-Moria|Juzur al-Qumur|Juzur al-Qamar|al-Ittiá¸¥Äd al-QumurÄ«	174	ğŸ‡°ğŸ‡²
Saint Kitts and Nevis	KN	KNA		Saint Christopher and Nevis|Kitts & Nevis	659	ğŸ‡°ğŸ‡³
North Korea	KP	PRK	Democratic People's Republic of Korea	DPRK|Joseon|ChosÅn	408	ğŸ‡°ğŸ‡µ
South Korea	KR	KOR	Republic of Korea	Daehanminguk|Daehan Minguk|Hanguk|Choson	410	ğŸ‡°ğŸ‡·
Kuwait	KW	KWT	State of Kuwait		414	ğŸ‡°ğŸ‡¼
Cayman Islands	KY	CYM		Caymans	136	ğŸ‡°ğŸ‡¾
Kazakhstan	KZ	KAZ	Republic of Kazakhstan	Qazaqstan	398	ğŸ‡°ğŸ‡¿
Laos	LA	LAO	Lao People's Democratic Republic	LPDR	418	ğŸ‡±ğŸ‡¦
Lebanon	LB	LBN	Lebanese Republic	Lubnan	422	ğŸ‡±ğŸ‡§
Saint Lucia	LC	LCA		Iyonola|Hewanorra	662	ğŸ‡±ğŸ‡¨
Liechtenstein	LI	LIE	Principality of Liechtenstein		438	ğŸ‡±ğŸ‡®
Sri Lanka	LK	LKA	Democratic Socialist Republic of Sri Lanka	Serendib|Ceylon	144	ğŸ‡±ğŸ‡°
Liberia	LR	LBR	Republic of Liberia		430	ğŸ‡±ğŸ‡·
Lesotho	LS	LSO	Kingdom of Lesotho	The Mountain Kingdom	426	ğŸ‡±ğŸ‡¸
Lithuania	LT	LTU	Republic of Lithuania	Lietuva	440	ğŸ‡±ğŸ‡¹
Luxembourg	LU	LUX	Grand Duchy of Luxembourg	Luxemburg	442	ğŸ‡±ğŸ‡º
Latvia	LV	LVA	Republic of Latvia	LeÅ£mĞ¾Ì„ VabÄmĞ¾Ì„|LeÅ£mĞ¾Ì„|Latvija|Latveja	428	ğŸ‡±ğŸ‡»
Libya	LY	LBY	Libya	Libyan Arab Jamahiriya	434	ğŸ‡±ğŸ‡¾
Morocco	MA	MAR	Kingdom of Morocco	Marocco|Maroc|LmaÄ¡rib|al-MaÄ¡rib	504	ğŸ‡²ğŸ‡¦
Monaco	MC	MCO	Principality of Monaco	MÃ¹negu	492	ğŸ‡²ğŸ‡¨
Moldova	MD	MDA	Republic of Moldova	Moldavia	498	ğŸ‡²ğŸ‡©
Montenegro	ME	MNE	Montenegro	Crna Gora	499	ğŸ‡²ğŸ‡ª
Saint-Martin	MF	MAF	Collectivity of Saint Martin	CollectivitÃ© de Saint-Martin|St. Martin (French part)|Saint Martin (France)|St Martin|St. Martin|Saint Martin (French part)|Saint Martin	663	ğŸ‡²ğŸ‡«
Madagascar	MG	MDG	Republic of Madagascar	Malagaskar|Malagascar|Malagasy Republic	450	ğŸ‡²ğŸ‡¬
Marshall Islands	MH	MHL	Republic of the Marshall Islands		584	ğŸ‡²ğŸ‡­
North Macedonia	MK	MKD	Republic of North Macedonia	Macedonia|Macedonia	807	ğŸ‡²ğŸ‡°
Mali	ML	MLI	Republic of Mali	French Sudan	466	ğŸ‡²ğŸ‡±
Myanmar	MM	MMR	Republic of Myanmar	Burma|Burma	104	ğŸ‡²ğŸ‡²
Mongolia	MN	MNG		Outer Mongolia|Mongol State	496	ğŸ‡²ğŸ‡³
Macao	MO	MAC	Macao Special Administrative Region of China	Macau|Macau SAR|Macao SAR|Aomen	446	ğŸ‡²ğŸ‡´
Northern Mariana Islands	MP	MNP	Commonwealth of the Northern Mariana Islands	Northern Marianas	580	ğŸ‡²ğŸ‡µ
Martinique	MQ	MTQ		Iguanacaera|Matinino|Martinica|Madinina|JouanacaÃ«ra|Madiana|Maritiniki|IoÃ¼nacaÃ«ra	474	ğŸ‡²ğŸ‡¶
Mauritania	MR	MRT	Islamic Republic of Mauritania	Murutaane|Muritanya|Moritani|Mauretania|GÃ nnaar|Gannaar|Agawej	478	ğŸ‡²ğŸ‡·
Montserrat	MS	MSR			500	ğŸ‡²ğŸ‡¸
Malta	MT	MLT	Republic of Malta		470	ğŸ‡²ğŸ‡¹
Mauritius	MU	MUS	Republic of Mauritius	Moris|Maurice	480	ğŸ‡²ğŸ‡º
Maldives	MV	MDV	Republic of Maldives	Maldive Islands	462	ğŸ‡²ğŸ‡»
Malawi	MW	MWI	Republic of Malawi	Nyasaland	454	ğŸ‡²ğŸ‡¼
Mexico	MX	MEX	United Mexican States	Estados Unidos Mexicanos	484	ğŸ‡²ğŸ‡½
Malaysia	MY	MYS			458	ğŸ‡²ğŸ‡¾
Mozambique	MZ	MOZ	Republic of Mozambique	MoÃ§ambique	508	ğŸ‡²ğŸ‡¿
Namibia	NA	NAM	Republic of Namibia	South West Africa	516	ğŸ‡³ğŸ‡¦
New Caledonia	NC	NCL		Nouvelle-CalÃ©donie|Kanaky	540	ğŸ‡³ğŸ‡¨
Niger	NE	NER	Republic of the Niger		562	ğŸ‡³ğŸ‡ª
Norfolk Island	NF	NFK			574	ğŸ‡³ğŸ‡«
Nigeria	NG	NGA	Federal Republic of Nigeria	Naija	566	ğŸ‡³ğŸ‡¬
Nicaragua	NI	NIC	Republic of Nicaragua		558	ğŸ‡³ğŸ‡®
Netherlands	NL	NLD	Kingdom of the Netherlands	Holland|Nederlanden|The Netherlands	528	ğŸ‡³ğŸ‡±
Norway	NO	NOR	Kingdom of Norway	Norge	578	ğŸ‡³ğŸ‡´
Nepal	NP	NPL	Federal Democratic Republic of Nepal		524	ğŸ‡³ğŸ‡µ
Nauru	NR	NRU	Republic of Nauru	Naoero|Pleasant Island	520	ğŸ‡³ğŸ‡·
Niue	NU	NIU	Niue	NiuÄ“	570	ğŸ‡³ğŸ‡º
New Zealand	NZ	NZL		Aotearoa|Zealandia Nova|New Zeeland	554	ğŸ‡³ğŸ‡¿
Oman	OM	OMN	Sultanate of Oman	Uman|Muscat and Oman	512	ğŸ‡´ğŸ‡²
Panama	PA	PAN	Republic of Panama	Canal Zone	591	ğŸ‡µğŸ‡¦
Peru	PE	PER	Republic of Peru	PerÃº	604	ğŸ‡µğŸ‡ª
French Polynesia	PF	PYF		French Oceania	258	ğŸ‡µğŸ‡«
Papua New Guinea	PG	PNG	Independent State of Papua New Guinea		598	ğŸ‡µğŸ‡¬
Philippines	PH	PHL	Republic of the Philippines	Philippine Islands	608	ğŸ‡µğŸ‡­
Pakistan	PK	PAK	Islamic Republic of Pakistan		586	ğŸ‡µğŸ‡°
Poland	PL	POL	Republic of Poland	Polska	616	ğŸ‡µğŸ‡±
Saint Pierre and Miquelon	PM	SPM			666	ğŸ‡µğŸ‡²
Pitcairn	PN	PCN		Pitcairn Islands	612	ğŸ‡µğŸ‡³
Puerto Rico	PR	PRI		BoriquÃ©n|BorikÃ©n|Porto Rico|Borinquen	630	ğŸ‡µğŸ‡·
Palestine	PS	PSE	the State of Palestine	Palestinian Territory	275	ğŸ‡µğŸ‡¸
Portugal	PT	PRT	Portuguese Republic	Lusitania	620	ğŸ‡µğŸ‡¹
Palau	PW	PLW	Republic of Palau	Pelew|Belau	585	ğŸ‡µğŸ‡¼
Paraguay	PY	PRY	Republic of Paraguay		600	ğŸ‡µğŸ‡¾
Qatar	QA	QAT	State of Qatar		634	ğŸ‡¶ğŸ‡¦
RÃ©union	RE	REU		Reunion Island|Bourbon Island|Reunion	638	ğŸ‡·ğŸ‡ª
Romania	RO	ROU		RomÃ¢nia|Rumania|Roumania	642	ğŸ‡·ğŸ‡´
Serbia	RS	SRB	Republic of Serbia	Yugoslavia|Srbija|Yugoslavia	688	ğŸ‡·ğŸ‡¸
Russian Federation	RU	RUS		Russia|USSR|Soviet Union|USSR|Rossiyskaya Federatsiya	643	ğŸ‡·ğŸ‡º
Rwanda	RW	RWA	Rwandese Republic	The Land of a Thousand Hills	646	ğŸ‡·ğŸ‡¼
Saudi Arabia	SA	SAU	Kingdom of Saudi Arabia		682	ğŸ‡¸ğŸ‡¦
Solomon Islands	SB	SLB			090	ğŸ‡¸ğŸ‡§
Seychelles	SC	SYC	Republic of Seychelles		690	ğŸ‡¸ğŸ‡¨
Sudan	SD	SDN	Republic of the Sudan	as-SÅ«dÄn|al-Sudan	729	ğŸ‡¸ğŸ‡©
Sweden	SE	SWE	Kingdom of Sweden	Sverige	752	ğŸ‡¸ğŸ‡ª
Singapore	SG	SGP	Republic of Singapore	Lion City|Garden City	702	ğŸ‡¸ğŸ‡¬
Saint Helena	SH	SHN	Saint Helena, Ascension and Tristan da Cunha		654	ğŸ‡¸ğŸ‡­
Slovenia	SI	SVN	Republic of Slovenia	Slovenija	705	ğŸ‡¸ğŸ‡®
Svalbard and Jan Mayen	SJ	SJM			744	ğŸ‡¸ğŸ‡¯
Slovakia	SK	SVK	Slovak Republic	Slovensko	703	ğŸ‡¸ğŸ‡°
Sierra Leone	SL	SLE	Republic of Sierra Leone		694	ğŸ‡¸ğŸ‡±
San Marino	SM	SMR	Republic of San Marino		674	ğŸ‡¸ğŸ‡²
Senegal	SN	SEN	Republic of Senegal	SÃ©nÃ©gal	686	ğŸ‡¸ğŸ‡³
Somalia	SO	SOM	Federal Republic of Somalia	Somali Republic	706	ğŸ‡¸ğŸ‡´
Suriname	SR	SUR	Republic of Suriname	Surrinam|Dutch Guiana|Surinam	740	ğŸ‡¸ğŸ‡·
South Sudan	SS	SSD	Republic of South Sudan		728	ğŸ‡¸ğŸ‡¸
Sao Tome and Principe	ST	STP	Democratic Republic of Sao Tome and Principe	SÃ£o TomÃ© and PrÃ­ncipe	678	ğŸ‡¸ğŸ‡¹
El Salvador	SV	SLV	Republic of El Salvador	Salvador	222	ğŸ‡¸ğŸ‡»
Sint Maarten	SX	SXM	Country of Sint Maarten	Land Sint Maarten|Dutch Sint Maarten|Sint Martin|Saint Martin (Dutch part)|Sint Maarten (Dutch part)|Saint Martin	534	ğŸ‡¸ğŸ‡½
Syria	SY	SYR	Syrian Arab Republic	Surya	760	ğŸ‡¸ğŸ‡¾
Eswatini	SZ	SWZ	Kingdom of Eswatini	Swaziland|Swaziland|Umbuso weSwatini	748	ğŸ‡¸ğŸ‡¿
Turks and Caicos Islands	TC	TCA		Turks and Caicos	796	ğŸ‡¹ğŸ‡¨
Chad	TD	TCD	Republic of Chad		148	ğŸ‡¹ğŸ‡©
French Southern Territories	TF	ATF		French Southern and Antarctic Lands	260	ğŸ‡¹ğŸ‡«
Togo	TG	TGO	Togolese Republic		768	ğŸ‡¹ğŸ‡¬
Thailand	TH	THA	Kingdom of Thailand	Land of Smiles|Siam	764	ğŸ‡¹ğŸ‡­
Tajikistan	TJ	TJK	Republic of Tajikistan		762	ğŸ‡¹ğŸ‡¯
Tokelau	TK	TKL		Union Islands	772	ğŸ‡¹ğŸ‡°
Timor-Leste	TL	TLS	Democratic Republic of Timor-Leste	East Timor|East Timor|Timor Leste	626	ğŸ‡¹ğŸ‡±
Turkmenistan	TM	TKM		Turkmenia	795	ğŸ‡¹ğŸ‡²
Tunisia	TN	TUN	Republic of Tunisia		788	ğŸ‡¹ğŸ‡³
Tonga	TO	TON	Kingdom of Tonga	Friendly Islands|Tonga Islands	776	ğŸ‡¹ğŸ‡´
TÃ¼rkiye	TR	TUR	Republic of TÃ¼rkiye	Turkey	792	ğŸ‡¹ğŸ‡·
Trinidad and Tobago	TT	TTO	Republic of Trinidad and Tobago		780	ğŸ‡¹ğŸ‡¹
Tuvalu	TV	TUV		Ellice Islands	798	ğŸ‡¹ğŸ‡»
Taiwan	TW	TWN	Republic of China	ROC|TÃ¢i-uÃ¢n|TÃ¢i-oÃ¢n|Formosa|Chinese Taipei	158	ğŸ‡¹ğŸ‡¼
Tanzania	TZ	TZA	United Republic of Tanzania	Tanganyika and Zanzibar	834	ğŸ‡¹ğŸ‡¿
Ukraine	UA	UKR		UkraÃ¯na|Ukraina|Ukrainia	804	ğŸ‡ºğŸ‡¦
Uganda	UG	UGA	Republic of Uganda	Ouganda|Pearl of Africa	800	ğŸ‡ºğŸ‡¬
United States Minor Outlying Islands	UM	UMI		USMOI	581	ğŸ‡ºğŸ‡²
United States	US	USA	United States of America	America|America	840	ğŸ‡ºğŸ‡¸
Uruguay	UY	URY	Eastern Republic of Uruguay	Banda Oriental	858	ğŸ‡ºğŸ‡¾
Uzbekistan	UZ	UZB	Republic of Uzbekistan		860	ğŸ‡ºğŸ‡¿
Holy See	VA	VAT	Vatican City State	Vatican City|Papal State|The Vatican|Vatican	336	ğŸ‡»ğŸ‡¦
Saint Vincent and the Grenadines	VC	VCT			670	ğŸ‡»ğŸ‡¨
Venezuela	VE	VEN	Bolivarian Republic of Venezuela		862	ğŸ‡»ğŸ‡ª
British Virgin Islands	VG	VGB	British Virgin Islands		092	ğŸ‡»ğŸ‡¬
U.S. Virgin Islands	VI	VIR	Virgin Islands of the United States	United States Virgin Islands|USVI|US Virgin Islands|American Virgin Islands	850	ğŸ‡»ğŸ‡®
Viet Nam	VN	VNM	Socialist Republic of Viet Nam	Vietnam|Viá»‡t Nam	704	ğŸ‡»ğŸ‡³
Vanuatu	VU	VUT	Republic of Vanuatu	New Hebrides	548	ğŸ‡»ğŸ‡º
Wallis and Futuna	WF	WLF			876	ğŸ‡¼ğŸ‡«
Samoa	WS	WSM	Independent State of Samoa	Western Samoa	882	ğŸ‡¼ğŸ‡¸
Yemen	YE	YEM	Republic of Yemen	South Arabia	887	ğŸ‡¾ğŸ‡ª
Mayotte	YT	MYT			175	ğŸ‡¾ğŸ‡¹
South Africa	ZA	ZAF	Republic of South Africa	Mzansi	710	ğŸ‡¿ğŸ‡¦
Zambia	ZM	ZMB	Republic of Zambia	Northern Rhodesia	894	ğŸ‡¿ğŸ‡²
Zimbabwe	ZW	ZWE	Republic of Zimbabwe	Southern Rhodesia	716	ğŸ‡¿ğŸ‡¼
