,Enzyme_id,type,sequence,smiles
0,P37351,wild,MKKIAFGCDHVGFILKHEIVAHLVERGVEVIDKGTWSSERTDYPHYASQVALAVAGGEVDGGILICGTGVGISIAANKFAGIRAVVCSEPYSAQLSRQHNDTNVLAFGSRVVGLELAKMIVDAWLGAQYEGGRHQQRVEAITAIEQRRN,C([C@H]([C@H](C(=O)CO)O)O)OP(=O)(O)O
1,P25516,wild,MSSTLREASKDTLQAKDKTYHYYSLPLAAKSLGDITRLPKSLKVLLENLLRWQDGNSVTEEDIHALAGWLKNAHADREIAYRPARVLMQDFTGVPAVVDLAAMREAVKRLGGDTAKVNPLSPVDLVIDHSVTVDRFGDDEAFEENVRLEMERNHERYVFLKWGKQAFSRFSVVPPGTGICHQVNLEYLGKAVWSELQDGEWIAYPDTLVGTDSHTTMINGLGVLGWGVGGIEAEAAMLGQPVSMLIPDVVGFKLTGKLREGITATDLVLTVTQMLRKHGVVGKFVEFYGDGLDSLPLADRATIANMSPEYGATCGFFPIDAVTLDYMRLSGRSEDQVELVEKYAKAQGMWRNPGDEPIFTSTLELDMNDVEASLAGPKRPQDRVALPDVPKAFAASNELEVNATHKDRQPVDYVMNGHQYQLPDGAVVIAAITSCTNTSNPSVLMAAGLLAKKAVTLGLKRQPWVKASLAPGSKVVSDYLAKAKLTPYLDELGFNLVGYGCTTCIGNSGPLPDPIETAIKKSDLTVGAVLSGNRNFEGRIHPLVKTNWLASPPLVVAYALAGNMNINLASEPIGHDRKGDPVYLKDIWPSAQEIARAVEQVSTEMFRKEYAEVFEGTAEWKGINVTRSDTYGWQEDSTYIRLSPFFDEMQATPAPVEDIHGARILAMLGDSVTTDHISPAGSIKPDSPAGRYLQGRGVERKDFNSYGSRRGNHEVMMRGTFANIRIRNEMVPGVEGGMTRHLPDSDVVSIYDAAMRYKQEQTPLAVIAGKEYGSGSSRDWAAKGPRLLGIRVVIAESFERIHRSNLIGMGILPLEFPQGVTRKTLGLTGEEKIDIGDLQNLQPGATVPVTLTRADGSQEVVPCRCRIDTATELTYYQNDGILHYVIRNMLK,C(/C(=C/C(=O)O)/C(=O)O)C(=O)O
2,P25516,wild,MSSTLREASKDTLQAKDKTYHYYSLPLAAKSLGDITRLPKSLKVLLENLLRWQDGNSVTEEDIHALAGWLKNAHADREIAYRPARVLMQDFTGVPAVVDLAAMREAVKRLGGDTAKVNPLSPVDLVIDHSVTVDRFGDDEAFEENVRLEMERNHERYVFLKWGKQAFSRFSVVPPGTGICHQVNLEYLGKAVWSELQDGEWIAYPDTLVGTDSHTTMINGLGVLGWGVGGIEAEAAMLGQPVSMLIPDVVGFKLTGKLREGITATDLVLTVTQMLRKHGVVGKFVEFYGDGLDSLPLADRATIANMSPEYGATCGFFPIDAVTLDYMRLSGRSEDQVELVEKYAKAQGMWRNPGDEPIFTSTLELDMNDVEASLAGPKRPQDRVALPDVPKAFAASNELEVNATHKDRQPVDYVMNGHQYQLPDGAVVIAAITSCTNTSNPSVLMAAGLLAKKAVTLGLKRQPWVKASLAPGSKVVSDYLAKAKLTPYLDELGFNLVGYGCTTCIGNSGPLPDPIETAIKKSDLTVGAVLSGNRNFEGRIHPLVKTNWLASPPLVVAYALAGNMNINLASEPIGHDRKGDPVYLKDIWPSAQEIARAVEQVSTEMFRKEYAEVFEGTAEWKGINVTRSDTYGWQEDSTYIRLSPFFDEMQATPAPVEDIHGARILAMLGDSVTTDHISPAGSIKPDSPAGRYLQGRGVERKDFNSYGSRRGNHEVMMRGTFANIRIRNEMVPGVEGGMTRHLPDSDVVSIYDAAMRYKQEQTPLAVIAGKEYGSGSSRDWAAKGPRLLGIRVVIAESFERIHRSNLIGMGILPLEFPQGVTRKTLGLTGEEKIDIGDLQNLQPGATVPVTLTRADGSQEVVPCRCRIDTATELTYYQNDGILHYVIRNMLK,O
3,P25516,wild,MSSTLREASKDTLQAKDKTYHYYSLPLAAKSLGDITRLPKSLKVLLENLLRWQDGNSVTEEDIHALAGWLKNAHADREIAYRPARVLMQDFTGVPAVVDLAAMREAVKRLGGDTAKVNPLSPVDLVIDHSVTVDRFGDDEAFEENVRLEMERNHERYVFLKWGKQAFSRFSVVPPGTGICHQVNLEYLGKAVWSELQDGEWIAYPDTLVGTDSHTTMINGLGVLGWGVGGIEAEAAMLGQPVSMLIPDVVGFKLTGKLREGITATDLVLTVTQMLRKHGVVGKFVEFYGDGLDSLPLADRATIANMSPEYGATCGFFPIDAVTLDYMRLSGRSEDQVELVEKYAKAQGMWRNPGDEPIFTSTLELDMNDVEASLAGPKRPQDRVALPDVPKAFAASNELEVNATHKDRQPVDYVMNGHQYQLPDGAVVIAAITSCTNTSNPSVLMAAGLLAKKAVTLGLKRQPWVKASLAPGSKVVSDYLAKAKLTPYLDELGFNLVGYGCTTCIGNSGPLPDPIETAIKKSDLTVGAVLSGNRNFEGRIHPLVKTNWLASPPLVVAYALAGNMNINLASEPIGHDRKGDPVYLKDIWPSAQEIARAVEQVSTEMFRKEYAEVFEGTAEWKGINVTRSDTYGWQEDSTYIRLSPFFDEMQATPAPVEDIHGARILAMLGDSVTTDHISPAGSIKPDSPAGRYLQGRGVERKDFNSYGSRRGNHEVMMRGTFANIRIRNEMVPGVEGGMTRHLPDSDVVSIYDAAMRYKQEQTPLAVIAGKEYGSGSSRDWAAKGPRLLGIRVVIAESFERIHRSNLIGMGILPLEFPQGVTRKTLGLTGEEKIDIGDLQNLQPGATVPVTLTRADGSQEVVPCRCRIDTATELTYYQNDGILHYVIRNMLK,C(C(C(C(=O)O)O)C(=O)O)C(=O)O
4,P25516,wild,MSSTLREASKDTLQAKDKTYHYYSLPLAAKSLGDITRLPKSLKVLLENLLRWQDGNSVTEEDIHALAGWLKNAHADREIAYRPARVLMQDFTGVPAVVDLAAMREAVKRLGGDTAKVNPLSPVDLVIDHSVTVDRFGDDEAFEENVRLEMERNHERYVFLKWGKQAFSRFSVVPPGTGICHQVNLEYLGKAVWSELQDGEWIAYPDTLVGTDSHTTMINGLGVLGWGVGGIEAEAAMLGQPVSMLIPDVVGFKLTGKLREGITATDLVLTVTQMLRKHGVVGKFVEFYGDGLDSLPLADRATIANMSPEYGATCGFFPIDAVTLDYMRLSGRSEDQVELVEKYAKAQGMWRNPGDEPIFTSTLELDMNDVEASLAGPKRPQDRVALPDVPKAFAASNELEVNATHKDRQPVDYVMNGHQYQLPDGAVVIAAITSCTNTSNPSVLMAAGLLAKKAVTLGLKRQPWVKASLAPGSKVVSDYLAKAKLTPYLDELGFNLVGYGCTTCIGNSGPLPDPIETAIKKSDLTVGAVLSGNRNFEGRIHPLVKTNWLASPPLVVAYALAGNMNINLASEPIGHDRKGDPVYLKDIWPSAQEIARAVEQVSTEMFRKEYAEVFEGTAEWKGINVTRSDTYGWQEDSTYIRLSPFFDEMQATPAPVEDIHGARILAMLGDSVTTDHISPAGSIKPDSPAGRYLQGRGVERKDFNSYGSRRGNHEVMMRGTFANIRIRNEMVPGVEGGMTRHLPDSDVVSIYDAAMRYKQEQTPLAVIAGKEYGSGSSRDWAAKGPRLLGIRVVIAESFERIHRSNLIGMGILPLEFPQGVTRKTLGLTGEEKIDIGDLQNLQPGATVPVTLTRADGSQEVVPCRCRIDTATELTYYQNDGILHYVIRNMLK,C(C(=O)O)C(CC(=O)O)(C(=O)O)O
5,P36683,wild,MLEEYRKHVAERAAEGIAPKPLDANQMAALVELLKNPPAGEEEFLLDLLTNRVPPGVDEAAYVKAGFLAAIAKGEAKSPLLTPEKAIELLGTMQGGYNIHPLIDALDDAKLAPIAAKALSHTLLMFDNFYDVEEKAKAGNEYAKQVMQSWADAEWFLNRPALAEKLTVTVFKVTGETNTDDLSPAPDAWSRPDIPLHALAMLKNAREGIEPDQPGVVGPIKQIEALQQKGFPLAYVGDVVGTGSSRKSATNSVLWFMGDDIPHVPNKRGGGLCLGGKIAPIFFNTMEDAGALPIEVDVSNLNMGDVIDVYPYKGEVRNHETGELLATFELKTDVLIDEVRAGGRIPLIIGRGLTTKAREALGLPHSDVFRQAKDVAESDRGFSLAQKMVGRACGVKGIRPGAYCEPKMTSVGSQDTTGPMTRDELKDLACLGFSADLVMQSFCHTAAYPKPVDVNTHHTLPDFIMNRGGVSLRPGDGVIHSWLNRMLLPDTVGTGGDSHTRFPIGISFPAGSGLVAFAAATGVMPLDMPESVLVRFKGKMQPGITLRDLVHAIPLYAIKQGLLTVEKKGKKNIFSGRILEIEGLPDLKVEQAFELTDASAERSAAGCTIKLNKEPIIEYLNSNIVLLKWMIAEGYGDRRTLERRIQGMEKWLANPELLEADADAEYAAVIDIDLADIKEPILCAPNDPDDARPLSAVQGEKIDEVFIGSCMTNIGHFRAAGKLLDAHKGQLPTRLWVAPPTRMDAAQLTEEGYYSVFGKSGARIEIPGCSLCMGNQARVADGATVVSTSTRNFPNRLGTGANVFLASAELAAVAALIGKLPTPEEYQTYVAQVDKTAVDTYRYLNFNQLSQYTEKADGVIFQTAV,C(/C(=C/C(=O)O)/C(=O)O)C(=O)O
6,P36683,wild,MLEEYRKHVAERAAEGIAPKPLDANQMAALVELLKNPPAGEEEFLLDLLTNRVPPGVDEAAYVKAGFLAAIAKGEAKSPLLTPEKAIELLGTMQGGYNIHPLIDALDDAKLAPIAAKALSHTLLMFDNFYDVEEKAKAGNEYAKQVMQSWADAEWFLNRPALAEKLTVTVFKVTGETNTDDLSPAPDAWSRPDIPLHALAMLKNAREGIEPDQPGVVGPIKQIEALQQKGFPLAYVGDVVGTGSSRKSATNSVLWFMGDDIPHVPNKRGGGLCLGGKIAPIFFNTMEDAGALPIEVDVSNLNMGDVIDVYPYKGEVRNHETGELLATFELKTDVLIDEVRAGGRIPLIIGRGLTTKAREALGLPHSDVFRQAKDVAESDRGFSLAQKMVGRACGVKGIRPGAYCEPKMTSVGSQDTTGPMTRDELKDLACLGFSADLVMQSFCHTAAYPKPVDVNTHHTLPDFIMNRGGVSLRPGDGVIHSWLNRMLLPDTVGTGGDSHTRFPIGISFPAGSGLVAFAAATGVMPLDMPESVLVRFKGKMQPGITLRDLVHAIPLYAIKQGLLTVEKKGKKNIFSGRILEIEGLPDLKVEQAFELTDASAERSAAGCTIKLNKEPIIEYLNSNIVLLKWMIAEGYGDRRTLERRIQGMEKWLANPELLEADADAEYAAVIDIDLADIKEPILCAPNDPDDARPLSAVQGEKIDEVFIGSCMTNIGHFRAAGKLLDAHKGQLPTRLWVAPPTRMDAAQLTEEGYYSVFGKSGARIEIPGCSLCMGNQARVADGATVVSTSTRNFPNRLGTGANVFLASAELAAVAALIGKLPTPEEYQTYVAQVDKTAVDTYRYLNFNQLSQYTEKADGVIFQTAV,O
7,P36683,wild,MLEEYRKHVAERAAEGIAPKPLDANQMAALVELLKNPPAGEEEFLLDLLTNRVPPGVDEAAYVKAGFLAAIAKGEAKSPLLTPEKAIELLGTMQGGYNIHPLIDALDDAKLAPIAAKALSHTLLMFDNFYDVEEKAKAGNEYAKQVMQSWADAEWFLNRPALAEKLTVTVFKVTGETNTDDLSPAPDAWSRPDIPLHALAMLKNAREGIEPDQPGVVGPIKQIEALQQKGFPLAYVGDVVGTGSSRKSATNSVLWFMGDDIPHVPNKRGGGLCLGGKIAPIFFNTMEDAGALPIEVDVSNLNMGDVIDVYPYKGEVRNHETGELLATFELKTDVLIDEVRAGGRIPLIIGRGLTTKAREALGLPHSDVFRQAKDVAESDRGFSLAQKMVGRACGVKGIRPGAYCEPKMTSVGSQDTTGPMTRDELKDLACLGFSADLVMQSFCHTAAYPKPVDVNTHHTLPDFIMNRGGVSLRPGDGVIHSWLNRMLLPDTVGTGGDSHTRFPIGISFPAGSGLVAFAAATGVMPLDMPESVLVRFKGKMQPGITLRDLVHAIPLYAIKQGLLTVEKKGKKNIFSGRILEIEGLPDLKVEQAFELTDASAERSAAGCTIKLNKEPIIEYLNSNIVLLKWMIAEGYGDRRTLERRIQGMEKWLANPELLEADADAEYAAVIDIDLADIKEPILCAPNDPDDARPLSAVQGEKIDEVFIGSCMTNIGHFRAAGKLLDAHKGQLPTRLWVAPPTRMDAAQLTEEGYYSVFGKSGARIEIPGCSLCMGNQARVADGATVVSTSTRNFPNRLGTGANVFLASAELAAVAALIGKLPTPEEYQTYVAQVDKTAVDTYRYLNFNQLSQYTEKADGVIFQTAV,C(C(C(C(=O)O)O)C(=O)O)C(=O)O
8,P36683,wild,MLEEYRKHVAERAAEGIAPKPLDANQMAALVELLKNPPAGEEEFLLDLLTNRVPPGVDEAAYVKAGFLAAIAKGEAKSPLLTPEKAIELLGTMQGGYNIHPLIDALDDAKLAPIAAKALSHTLLMFDNFYDVEEKAKAGNEYAKQVMQSWADAEWFLNRPALAEKLTVTVFKVTGETNTDDLSPAPDAWSRPDIPLHALAMLKNAREGIEPDQPGVVGPIKQIEALQQKGFPLAYVGDVVGTGSSRKSATNSVLWFMGDDIPHVPNKRGGGLCLGGKIAPIFFNTMEDAGALPIEVDVSNLNMGDVIDVYPYKGEVRNHETGELLATFELKTDVLIDEVRAGGRIPLIIGRGLTTKAREALGLPHSDVFRQAKDVAESDRGFSLAQKMVGRACGVKGIRPGAYCEPKMTSVGSQDTTGPMTRDELKDLACLGFSADLVMQSFCHTAAYPKPVDVNTHHTLPDFIMNRGGVSLRPGDGVIHSWLNRMLLPDTVGTGGDSHTRFPIGISFPAGSGLVAFAAATGVMPLDMPESVLVRFKGKMQPGITLRDLVHAIPLYAIKQGLLTVEKKGKKNIFSGRILEIEGLPDLKVEQAFELTDASAERSAAGCTIKLNKEPIIEYLNSNIVLLKWMIAEGYGDRRTLERRIQGMEKWLANPELLEADADAEYAAVIDIDLADIKEPILCAPNDPDDARPLSAVQGEKIDEVFIGSCMTNIGHFRAAGKLLDAHKGQLPTRLWVAPPTRMDAAQLTEEGYYSVFGKSGARIEIPGCSLCMGNQARVADGATVVSTSTRNFPNRLGTGANVFLASAELAAVAALIGKLPTPEEYQTYVAQVDKTAVDTYRYLNFNQLSQYTEKADGVIFQTAV,C(C(=O)O)C(CC(=O)O)(C(=O)O)O
9,P09373,wild,MSELNEKLATAWEGFTKGDWQNEVNVRDFIQKNYTPYEGDESFLAGATEATTTLWDKVMEGVKLENRTHAPVDFDTAVASTITSHDAGYINKQLEKIVGLQTEAPLKRALIPFGGIKMIEGSCKAYNRELDPMIKKIFTEYRKTHNQGVFDVYTPDILRCRKSGVLTGLPDAYGRGRIIGDYRRVALYGIDYLMKDKLAQFTSLQADLENGVNLEQTIRLREEIAEQHRALGQMKEMAAKYGYDISGPATNAQEAIQWTYFGYLAAVKSQNGAAMSFGRTSTFLDVYIERDLKAGKITEQEAQEMVDHLVMKLRMVRFLRTPEYDELFSGDPIWATESIGGMGLDGRTLVTKNSFRFLNTLYTMGPSPEPNMTILWSEKLPLNFKKFAAKVSIDTSSLQYENDDLMRPDFNNDDYAIACCVSPMIVGKQMQFFGARANLAKTMLYAINGGVDEKLKMQVGPKSEPIKGDVLNYDEVMERMDHFMDWLAKQYITALNIIHYMHDKYSYEASLMALHDRDVIRTMACGIAGLSVAADSLSAIKYAKVKPIRDEDGLAIDFEIEGEYPQFGNNDPRVDDLAVDLVERFMKKIQKLHTYRDAIPTQSVLTITSNVVYGKKTGNTPDGRRAGAPFGPGANPMHGRDQKGAVASLTSVAKLPFAYAKDGISYTFSIVPNALGKDDEVRKTNLAGLMDGYFHHEASIEGGQHLNVNVMNREMLLDAMENPEKYPQLTIRVSGYAVRFNSLTKEQQQDVITRTFTQSM,CC(C)(COP(=O)(O)OP(=O)(O)OC[C@@H]1[C@H]([C@H]([C@@H](O1)N2C=NC3=C(N=CN=C32)N)O)OP(=O)(O)O)[C@H](C(=O)NCCC(=O)NCCS)O
10,P09373,wild,MSELNEKLATAWEGFTKGDWQNEVNVRDFIQKNYTPYEGDESFLAGATEATTTLWDKVMEGVKLENRTHAPVDFDTAVASTITSHDAGYINKQLEKIVGLQTEAPLKRALIPFGGIKMIEGSCKAYNRELDPMIKKIFTEYRKTHNQGVFDVYTPDILRCRKSGVLTGLPDAYGRGRIIGDYRRVALYGIDYLMKDKLAQFTSLQADLENGVNLEQTIRLREEIAEQHRALGQMKEMAAKYGYDISGPATNAQEAIQWTYFGYLAAVKSQNGAAMSFGRTSTFLDVYIERDLKAGKITEQEAQEMVDHLVMKLRMVRFLRTPEYDELFSGDPIWATESIGGMGLDGRTLVTKNSFRFLNTLYTMGPSPEPNMTILWSEKLPLNFKKFAAKVSIDTSSLQYENDDLMRPDFNNDDYAIACCVSPMIVGKQMQFFGARANLAKTMLYAINGGVDEKLKMQVGPKSEPIKGDVLNYDEVMERMDHFMDWLAKQYITALNIIHYMHDKYSYEASLMALHDRDVIRTMACGIAGLSVAADSLSAIKYAKVKPIRDEDGLAIDFEIEGEYPQFGNNDPRVDDLAVDLVERFMKKIQKLHTYRDAIPTQSVLTITSNVVYGKKTGNTPDGRRAGAPFGPGANPMHGRDQKGAVASLTSVAKLPFAYAKDGISYTFSIVPNALGKDDEVRKTNLAGLMDGYFHHEASIEGGQHLNVNVMNREMLLDAMENPEKYPQLTIRVSGYAVRFNSLTKEQQQDVITRTFTQSM,CC(=O)C(=O)O
11,P42632,wild,MKVDIDTSDKLYADAWLGFKGTDWKNEINVRDFIQHNYTPYEGDESFLAEATPATTELWEKVMEGIRIENATHAPVDFDTNIATTITAHDAGYINQPLEKIVGLQTDAPLKRALHPFGGINMIKSSFHAYGREMDSEFEYLFTDLRKTHNQGVFDVYSPDMLRCRKSGVLTGLPDGYGRGRIIGDYRRVALYGISYLVRERELQFADLQSRLEKGEDLEATIRLREELAEHRHALLQIQEMAAKYGFDISRPAQNAQEAVQWLYFAYLAAVKSQNGGAMSLGRTASFLDIYIERDFKAGVLNEQQAQELIDHFIMKIRMVRFLRTPEFDSLFSGDPIWATEVIGGMGLDGRTLVTKNSFRYLHTLHTMGPAPEPNLTILWSEELPIAFKKYAAQVSIVTSSLQYENDDLMRTDFNSDDYAIACCVSPMVIGKQMQFFGARANLAKTLLYAINGGVDEKLKIQVGPKTAPLMDDVLDYDKVMDSLDHFMDWLAVQYISALNIIHYMHDKYSYEASLMALHDRDVYRTMACGIAGLSVATDSLSAIKYARVKPIRDENGLAVDFEIDGEYPQYGNNDERVDSIACDLVERFMKKIKALPTYRNAVPTQSILTITSNVVYGQKTGNTPDGRRAGTPFAPGANPMHGRDRKGAVASLTSVAKLPFTYAKDGISYTFSIVPAALGKEDPVRKTNLVGLLDGYFHHEADVEGGQHLNVNVMNREMLLDAIEHPEKYPNLTIRVSGYAVRFNALTREQQQDVISRTFTQAL,CC(C)(COP(=O)(O)OP(=O)(O)OC[C@@H]1[C@H]([C@H]([C@@H](O1)N2C=NC3=C(N=CN=C32)N)O)OP(=O)(O)O)[C@H](C(=O)NCCC(=O)NCCS)O
12,P42632,wild,MKVDIDTSDKLYADAWLGFKGTDWKNEINVRDFIQHNYTPYEGDESFLAEATPATTELWEKVMEGIRIENATHAPVDFDTNIATTITAHDAGYINQPLEKIVGLQTDAPLKRALHPFGGINMIKSSFHAYGREMDSEFEYLFTDLRKTHNQGVFDVYSPDMLRCRKSGVLTGLPDGYGRGRIIGDYRRVALYGISYLVRERELQFADLQSRLEKGEDLEATIRLREELAEHRHALLQIQEMAAKYGFDISRPAQNAQEAVQWLYFAYLAAVKSQNGGAMSLGRTASFLDIYIERDFKAGVLNEQQAQELIDHFIMKIRMVRFLRTPEFDSLFSGDPIWATEVIGGMGLDGRTLVTKNSFRYLHTLHTMGPAPEPNLTILWSEELPIAFKKYAAQVSIVTSSLQYENDDLMRTDFNSDDYAIACCVSPMVIGKQMQFFGARANLAKTLLYAINGGVDEKLKIQVGPKTAPLMDDVLDYDKVMDSLDHFMDWLAVQYISALNIIHYMHDKYSYEASLMALHDRDVYRTMACGIAGLSVATDSLSAIKYARVKPIRDENGLAVDFEIDGEYPQYGNNDERVDSIACDLVERFMKKIKALPTYRNAVPTQSILTITSNVVYGQKTGNTPDGRRAGTPFAPGANPMHGRDRKGAVASLTSVAKLPFTYAKDGISYTFSIVPAALGKEDPVRKTNLVGLLDGYFHHEADVEGGQHLNVNVMNREMLLDAIEHPEKYPNLTIRVSGYAVRFNALTREQQQDVISRTFTQAL,CC(=O)C(=O)O
13,P77218,wild,MIIERCRELALRAPARVVFPDALDQRVLKAAQYLHQQGLATPILVANPFELRQFALSHGVAMDGLQVIDPHGNLAMREEFAHRWLARAGEKTPPDALEKLTDPLMFAAAMVSAGKADVCIAGNLSSTANVLRAGLRIIGLQPGCKTLSSIFLMLPQYSGPALGFADCSVVPQPTAAQLADIALASAETWRAITGEEPRVAMLSFSSNGSARHPCVANVQQATEIVRERAPKLVVDGELQFDAAFVPEVAAQKAPASPLQGKANVMVFPSLEAGNIGYKIAQRLGGYRAVGPLIQGLAAPMHDLSRGCSVQEIIELALVAAVPRQTEVNRESSLQTLVE,OP(=O)(O)O
14,P0A799,wild,MSVIKMTDLDLAGKRVFIRADLNVPVKDGKVTSDARIRASLPTIELALKQGAKVMVTSHLGRPTEGEYNEEFSLLPVVNYLKDKLSNPVRLVKDYLDGVDVAEGELVVLENVRFNKGEKKDDETLSKKYAALCDVFVMDAFGTAHRAQASTHGIGKFADVACAGPLLAAELDALGKALKEPARPMVAIVGGSKVSTKLTVLDSLSKIADQLIVGGGIANTFIAAQGHDVGKSLYEADLVDEAKRLLTTCNIPVPSDVRVATEFSETAPATLKSVNDVKADEQILDIGDASAQELAEILKNAKTILWNGPVGVFEFPNFRKGTEIVANAIADSEAFSIAGGGDTLAAIDLFGIADKISYISTGGGAFLEFVEGKVLPAVAMLEERAKK,C([C@H](C(=O)OP(=O)(O)O)O)OP(=O)(O)O
15,P0A799,wild,MSVIKMTDLDLAGKRVFIRADLNVPVKDGKVTSDARIRASLPTIELALKQGAKVMVTSHLGRPTEGEYNEEFSLLPVVNYLKDKLSNPVRLVKDYLDGVDVAEGELVVLENVRFNKGEKKDDETLSKKYAALCDVFVMDAFGTAHRAQASTHGIGKFADVACAGPLLAAELDALGKALKEPARPMVAIVGGSKVSTKLTVLDSLSKIADQLIVGGGIANTFIAAQGHDVGKSLYEADLVDEAKRLLTTCNIPVPSDVRVATEFSETAPATLKSVNDVKADEQILDIGDASAQELAEILKNAKTILWNGPVGVFEFPNFRKGTEIVANAIADSEAFSIAGGGDTLAAIDLFGIADKISYISTGGGAFLEFVEGKVLPAVAMLEERAKK,C1=NC(=C2C(=N1)N(C=N2)[C@H]3[C@@H]([C@@H]([C@H](O3)COP(=O)(O)OP(=O)(O)O)O)O)N
16,P37351,wild,MKKIAFGCDHVGFILKHEIVAHLVERGVEVIDKGTWSSERTDYPHYASQVALAVAGGEVDGGILICGTGVGISIAANKFAGIRAVVCSEPYSAQLSRQHNDTNVLAFGSRVVGLELAKMIVDAWLGAQYEGGRHQQRVEAITAIEQRRN,C([C@@H]1[C@H]([C@H]([C@H](O1)O)O)O)OP(=O)(O)O
17,P0A6P9,wild,MSKIVKIIGREIIDSRGNPTVEAEVHLEGGFVGMAAAPSGASTGSREALELRDGDKSRFLGKGVTKAVAAVNGPIAQALIGKDAKDQAGIDKIMIDLDGTENKSKFGANAILAVSLANAKAAAAAKGMPLYEHIAELNGTPGKYSMPVPMMNIINGGEHADNNVDIQEFMIQPVGAKTVKEAIRMGSEVFHHLAKVLKAKGMNTAVGDEGGYAPNLGSNAEALAVIAEAVKAAGYELGKDITLAMDCAASEFYKDGKYVLAGEGNKAFTSEEFTHFLEELTKQYPIVSIEDGLDESDWDGFAYQTKVLGDKIQLVGDDLFVTNTKILKEGIEKGIANSILIKFNQIGSLTETLAAIKMAKDAGYTAVISHRSGETEDATIADLAVGTAAGQIKTGSMSRSDRVAKYNQLIRIEEALGEKAPYNGRKEIKGQA,O
18,P0A6P9,wild,MSKIVKIIGREIIDSRGNPTVEAEVHLEGGFVGMAAAPSGASTGSREALELRDGDKSRFLGKGVTKAVAAVNGPIAQALIGKDAKDQAGIDKIMIDLDGTENKSKFGANAILAVSLANAKAAAAAKGMPLYEHIAELNGTPGKYSMPVPMMNIINGGEHADNNVDIQEFMIQPVGAKTVKEAIRMGSEVFHHLAKVLKAKGMNTAVGDEGGYAPNLGSNAEALAVIAEAVKAAGYELGKDITLAMDCAASEFYKDGKYVLAGEGNKAFTSEEFTHFLEELTKQYPIVSIEDGLDESDWDGFAYQTKVLGDKIQLVGDDLFVTNTKILKEGIEKGIANSILIKFNQIGSLTETLAAIKMAKDAGYTAVISHRSGETEDATIADLAVGTAAGQIKTGSMSRSDRVAKYNQLIRIEEALGEKAPYNGRKEIKGQA,C=C(C(=O)O)OP(=O)(O)O
19,P23538,wild,MSNNGSSPLVLWYNQLGMNDVDRVGGKNASLGEMITNLSGMGVSVPNGFATTADAFNQFLDQSGVNQRIYELLDKTDIDDVTQLAKAGAQIRQWIIDTPFQPELENAIREAYAQLSADDENASFAVRSSATAEDMPDASFAGQQETFLNVQGFDAVLVAVKHVFASLFNDRAISYRVHQGYDHRGVALSAGVQRMVRSDLASSGVMFSIDTESGFDQVVFITSAWGLGEMVVQGAVNPDEFYVHKPTLAANRPAIVRRTMGSKKIRMVYAPTQEHGKQVKIEDVPQEQRDIFSLTNEEVQELAKQAVQIEKHYGRPMDIEWAKDGHTGKLFIVQARPETVRSRGQVMERYTLHSQGKIIAEGRAIGHRIGAGPVKVIHDISEMNRIEPGDVLVTDMTDPDWEPIMKKASAIVTNRGGRTCHAAIIARELGIPAVVGCGDATERMKDGENVTVSCAEGDTGYVYAELLEFSVKSSSVETMPDLPLKVMMNVGNPDRAFDFACLPNEGVGLARLEFIINRMIGVHPRALLEFDDQEPQLQNEIREMMKGFDSPREFYVGRLTEGIATLGAAFYPKRVIVRLSDFKSNEYANLVGGERYEPDEENPMLGFRGAGRYVSDSFRDCFALECEAVKRVRNDMGLTNVEIMIPFVRTVDQAKAVVEELARQGLKRGENGLKIIMMCEIPSNALLAEQFLEYFDGFSIGSNDMTQLALGLDRDSGVVSELFDERNDAVKALLSMAIRAAKKQGKYVGICGQGPSDHEDFAAWLMEEGIDSLSLNPDTVVQTWLSLAELKK,C1=NC(=C2C(=N1)N(C=N2)[C@H]3[C@@H]([C@@H]([C@H](O3)COP(=O)(O)OP(=O)(O)OP(=O)(O)O)O)O)N
20,P23538,wild,MSNNGSSPLVLWYNQLGMNDVDRVGGKNASLGEMITNLSGMGVSVPNGFATTADAFNQFLDQSGVNQRIYELLDKTDIDDVTQLAKAGAQIRQWIIDTPFQPELENAIREAYAQLSADDENASFAVRSSATAEDMPDASFAGQQETFLNVQGFDAVLVAVKHVFASLFNDRAISYRVHQGYDHRGVALSAGVQRMVRSDLASSGVMFSIDTESGFDQVVFITSAWGLGEMVVQGAVNPDEFYVHKPTLAANRPAIVRRTMGSKKIRMVYAPTQEHGKQVKIEDVPQEQRDIFSLTNEEVQELAKQAVQIEKHYGRPMDIEWAKDGHTGKLFIVQARPETVRSRGQVMERYTLHSQGKIIAEGRAIGHRIGAGPVKVIHDISEMNRIEPGDVLVTDMTDPDWEPIMKKASAIVTNRGGRTCHAAIIARELGIPAVVGCGDATERMKDGENVTVSCAEGDTGYVYAELLEFSVKSSSVETMPDLPLKVMMNVGNPDRAFDFACLPNEGVGLARLEFIINRMIGVHPRALLEFDDQEPQLQNEIREMMKGFDSPREFYVGRLTEGIATLGAAFYPKRVIVRLSDFKSNEYANLVGGERYEPDEENPMLGFRGAGRYVSDSFRDCFALECEAVKRVRNDMGLTNVEIMIPFVRTVDQAKAVVEELARQGLKRGENGLKIIMMCEIPSNALLAEQFLEYFDGFSIGSNDMTQLALGLDRDSGVVSELFDERNDAVKALLSMAIRAAKKQGKYVGICGQGPSDHEDFAAWLMEEGIDSLSLNPDTVVQTWLSLAELKK,O
21,P23538,wild,MSNNGSSPLVLWYNQLGMNDVDRVGGKNASLGEMITNLSGMGVSVPNGFATTADAFNQFLDQSGVNQRIYELLDKTDIDDVTQLAKAGAQIRQWIIDTPFQPELENAIREAYAQLSADDENASFAVRSSATAEDMPDASFAGQQETFLNVQGFDAVLVAVKHVFASLFNDRAISYRVHQGYDHRGVALSAGVQRMVRSDLASSGVMFSIDTESGFDQVVFITSAWGLGEMVVQGAVNPDEFYVHKPTLAANRPAIVRRTMGSKKIRMVYAPTQEHGKQVKIEDVPQEQRDIFSLTNEEVQELAKQAVQIEKHYGRPMDIEWAKDGHTGKLFIVQARPETVRSRGQVMERYTLHSQGKIIAEGRAIGHRIGAGPVKVIHDISEMNRIEPGDVLVTDMTDPDWEPIMKKASAIVTNRGGRTCHAAIIARELGIPAVVGCGDATERMKDGENVTVSCAEGDTGYVYAELLEFSVKSSSVETMPDLPLKVMMNVGNPDRAFDFACLPNEGVGLARLEFIINRMIGVHPRALLEFDDQEPQLQNEIREMMKGFDSPREFYVGRLTEGIATLGAAFYPKRVIVRLSDFKSNEYANLVGGERYEPDEENPMLGFRGAGRYVSDSFRDCFALECEAVKRVRNDMGLTNVEIMIPFVRTVDQAKAVVEELARQGLKRGENGLKIIMMCEIPSNALLAEQFLEYFDGFSIGSNDMTQLALGLDRDSGVVSELFDERNDAVKALLSMAIRAAKKQGKYVGICGQGPSDHEDFAAWLMEEGIDSLSLNPDTVVQTWLSLAELKK,CC(=O)C(=O)O
22,P0AG07,wild,MKQYLIAPSILSADFARLGEDTAKALAAGADVVHFDVMDNHYVPNLTIGPMVLKSLRNYGITAPIDVHLMVKPVDRIVPDFAAAGASIITFHPEASEHVDRTLQLIKENGCKAGLVFNPATPLSYLDYVMDKLDVILLMSVNPGFGGQSFIPQTLDKLREVRRRIDESGFDIRLEVDGGVKVNNIGEIAAAGADMFVAGSAIFDQPDYKKVIDEMRSELAKVSHE,C([C@H]([C@@H](C(=O)CO)O)O)OP(=O)(O)O
23,P39362,wild,MILHPSLASANPLHYGRELTALDNLDFGSLHLDIEDSSFINNITFGMKTVQAVARQTPHPLSFHFMLARPQRWFNALAEIRPAWIFVHAETLDYPSETLTEIRHTGARAGLVFNPATPIDAWRYLASELDGVMVMTSEPDGQGQRFIPSMCEKIQKVRTAFPQTECWADGGITLAAAQQLAAAGAQHMVIGRALFSSSDYRATLAQFATL,C([C@H]([C@@H](C(=O)CO)O)O)OP(=O)(O)O
24,P77580,wild,MSKRKVAIIGSGNIGTDLMIKILRHGQHLEMAVMVGIDPQSDGLARARRMGVATTHEGVIGLMNMPEFADIDIVFDATSAGAHVKNDAALREAKPDIRLIDLTPAAIGPYCVPVVNLEANVDQLNVNMVTCGGQATIPMVAAVSRVARVHYAEIIASIASKSAGPGTRANIDEFTETTSRAIEVVGGAAKGKAIIVLNPAEPPLMMRDTVYVLSDEASQDDIEASINEMAEAVQAYVPGYRLKQRVQFEVIPQDKPVNLPGVGQFSGLKTAVWLEVEGAAHYLPAYAGNLDIMTSSALATAEKMAQSLARKAGEAA,[H+]
25,P77580,wild,MSKRKVAIIGSGNIGTDLMIKILRHGQHLEMAVMVGIDPQSDGLARARRMGVATTHEGVIGLMNMPEFADIDIVFDATSAGAHVKNDAALREAKPDIRLIDLTPAAIGPYCVPVVNLEANVDQLNVNMVTCGGQATIPMVAAVSRVARVHYAEIIASIASKSAGPGTRANIDEFTETTSRAIEVVGGAAKGKAIIVLNPAEPPLMMRDTVYVLSDEASQDDIEASINEMAEAVQAYVPGYRLKQRVQFEVIPQDKPVNLPGVGQFSGLKTAVWLEVEGAAHYLPAYAGNLDIMTSSALATAEKMAQSLARKAGEAA,C1C=CN(C=C1C(=O)N)[C@H]2[C@@H]([C@@H]([C@H](O2)COP(=O)(O)OP(=O)(O)OC[C@@H]3[C@H]([C@H]([C@@H](O3)N4C=NC5=C(N=CN=C54)N)O)O)O)O
26,P0A9Q7,wild,MAVTNVAELNALVERVKKAQREYASFTQEQVDKIFRAAALAAADARIPLAKMAVAESGMGIVEDKVIKNHFASEYIYNAYKDEKTCGVLSEDDTFGTITIAEPIGIICGIVPTTNPTSTAIFKSLISLKTRNAIIFSPHPRAKDATNKAADIVLQAAIAAGAPKDLIGWIDQPSVELSNALMHHPDINLILATGGPGMVKAAYSSGKPAIGVGAGNTPVVIDETADIKRAVASVLMSKTFDNGVICASEQSVVVVDSVYDAVRERFATHGGYLLQGKELKAVQDVILKNGALNAAIVGQPAYKIAELAGFSVPENTKILIGEVTVVDESEPFAHEKLSPTLAMYRAKDFEDAVEKAEKLVAMGGIGHTSCLYTDQDNQPARVSYFGQKMKTARILINTPASQGGIGDLYNFKLAPSLTLGCGSWGGNSISENVGPKHLINKKTVAKRAENMLWHKLPKSIYFRRGSLPIALDEVITDGHKRALIVTDRFLFNNGYADQITSVLKAAGVETEVFFEVEADPTLSIVRKGAELANSFKPDVIIALGGGSPMDAAKIMWVMYEHPETHFEELALRFMDIRKRIYKFPKMGVKAKMIAVTTTSGTGSEVTPFAVVTDDATGQKYPLADYALTPDMAIVDANLVMDMPKSLCAFGGLDAVTHAMEAYVSVLASEFSDGQALQALKLLKEYLPASYHEGSKNPVARERVHSAATIAGIAFANAFLGVCHSMAHKLGSQFHIPHGLANALLICNVIRYNANDNPTKQTAFSQYDRPQARRRYAEIADHLGLSAPGDRTAAKIEKLLAWLETLKAELGIPKSIREAGVQEADFLANVDKLSEDAFDDQCTGANPRYPLISELKQILLDTYYGRDYVEGETAAKKEAAPAKAEKKAKKSA,[H+]
27,P0A9Q7,wild,MAVTNVAELNALVERVKKAQREYASFTQEQVDKIFRAAALAAADARIPLAKMAVAESGMGIVEDKVIKNHFASEYIYNAYKDEKTCGVLSEDDTFGTITIAEPIGIICGIVPTTNPTSTAIFKSLISLKTRNAIIFSPHPRAKDATNKAADIVLQAAIAAGAPKDLIGWIDQPSVELSNALMHHPDINLILATGGPGMVKAAYSSGKPAIGVGAGNTPVVIDETADIKRAVASVLMSKTFDNGVICASEQSVVVVDSVYDAVRERFATHGGYLLQGKELKAVQDVILKNGALNAAIVGQPAYKIAELAGFSVPENTKILIGEVTVVDESEPFAHEKLSPTLAMYRAKDFEDAVEKAEKLVAMGGIGHTSCLYTDQDNQPARVSYFGQKMKTARILINTPASQGGIGDLYNFKLAPSLTLGCGSWGGNSISENVGPKHLINKKTVAKRAENMLWHKLPKSIYFRRGSLPIALDEVITDGHKRALIVTDRFLFNNGYADQITSVLKAAGVETEVFFEVEADPTLSIVRKGAELANSFKPDVIIALGGGSPMDAAKIMWVMYEHPETHFEELALRFMDIRKRIYKFPKMGVKAKMIAVTTTSGTGSEVTPFAVVTDDATGQKYPLADYALTPDMAIVDANLVMDMPKSLCAFGGLDAVTHAMEAYVSVLASEFSDGQALQALKLLKEYLPASYHEGSKNPVARERVHSAATIAGIAFANAFLGVCHSMAHKLGSQFHIPHGLANALLICNVIRYNANDNPTKQTAFSQYDRPQARRRYAEIADHLGLSAPGDRTAAKIEKLLAWLETLKAELGIPKSIREAGVQEADFLANVDKLSEDAFDDQCTGANPRYPLISELKQILLDTYYGRDYVEGETAAKKEAAPAKAEKKAKKSA,C1C=CN(C=C1C(=O)N)[C@H]2[C@@H]([C@@H]([C@H](O2)COP(=O)(O)OP(=O)(O)OC[C@@H]3[C@H]([C@H]([C@@H](O3)N4C=NC5=C(N=CN=C54)N)O)O)O)O
28,P69441,wild,MRIILLGAPGAGKGTQAQFIMEKYGIPQISTGDMLRAAVKSGSELGKQAKDIMDAGKLVTDELVIALVKERIAQEDCRNGFLLDGFPRTIPQADAMKEAGINVDYVLEFDVPDELIVDRIVGRRVHAPSGRVYHVKFNPPKVEGKDDVTGEELTTRKDDQEETVRKRLVEYHQMTAPLIGYYSKEAEAGNTKYAKVDGTKPVAEVRADLEKILG,C1=NC(=C2C(=N1)N(C=N2)[C@H]3[C@@H]([C@@H]([C@H](O3)COP(=O)(O)O)O)O)N
29,P69441,wild,MRIILLGAPGAGKGTQAQFIMEKYGIPQISTGDMLRAAVKSGSELGKQAKDIMDAGKLVTDELVIALVKERIAQEDCRNGFLLDGFPRTIPQADAMKEAGINVDYVLEFDVPDELIVDRIVGRRVHAPSGRVYHVKFNPPKVEGKDDVTGEELTTRKDDQEETVRKRLVEYHQMTAPLIGYYSKEAEAGNTKYAKVDGTKPVAEVRADLEKILG,C1=NC(=C2C(=N1)N(C=N2)[C@H]3[C@@H]([C@@H]([C@H](O3)COP(=O)(O)OP(=O)(O)OP(=O)(O)O)O)O)N
30,P69441,wild,MRIILLGAPGAGKGTQAQFIMEKYGIPQISTGDMLRAAVKSGSELGKQAKDIMDAGKLVTDELVIALVKERIAQEDCRNGFLLDGFPRTIPQADAMKEAGINVDYVLEFDVPDELIVDRIVGRRVHAPSGRVYHVKFNPPKVEGKDDVTGEELTTRKDDQEETVRKRLVEYHQMTAPLIGYYSKEAEAGNTKYAKVDGTKPVAEVRADLEKILG,C1=NC(=C2C(=N1)N(C=N2)[C@H]3[C@@H]([C@@H]([C@H](O3)COP(=O)(O)OP(=O)(O)O)O)O)N
31,P0AEX3,wild,MAESTVTADSKLTSSDTRRRIWAIVGASSGNLVEWFDFYVYSFCSLYFAHIFFPSGNTTTQLLQTAGVFAAGFLMRPIGGWLFGRIADKHGRKKSMLLSVCMMCFGSLVIACLPGYETIGTWAPALLLLARLFQGLSVGGEYGTSATYMSEVAVEGRKGFYASFQYVTLIGGQLLALLVVVVLQHTMEDAALREWGWRIPFALGAVLAVVALWLRRQLDETSQQETRALKEAGSLKGLWRNRRAFIMVLGFTAAGSLCFYTFTTYMQKYLVNTAGMHANVASGIMTAALFVFMLIQPLIGALSDKIGRRTSMLCFGSLAAIFTVPILSALQNVSSPYAAFGLVMCALLIVSFYTSISGILKAEMFPAQVRALGVGLSYAVANAIFGGSAEYVALSLKSIGMETAFFWYVTLMAVVAFLVSLMLHRKGKGMRL,C(CC(=O)O)C(=O)C(=O)O
32,P0AEX3,wild,MAESTVTADSKLTSSDTRRRIWAIVGASSGNLVEWFDFYVYSFCSLYFAHIFFPSGNTTTQLLQTAGVFAAGFLMRPIGGWLFGRIADKHGRKKSMLLSVCMMCFGSLVIACLPGYETIGTWAPALLLLARLFQGLSVGGEYGTSATYMSEVAVEGRKGFYASFQYVTLIGGQLLALLVVVVLQHTMEDAALREWGWRIPFALGAVLAVVALWLRRQLDETSQQETRALKEAGSLKGLWRNRRAFIMVLGFTAAGSLCFYTFTTYMQKYLVNTAGMHANVASGIMTAALFVFMLIQPLIGALSDKIGRRTSMLCFGSLAAIFTVPILSALQNVSSPYAAFGLVMCALLIVSFYTSISGILKAEMFPAQVRALGVGLSYAVANAIFGGSAEYVALSLKSIGMETAFFWYVTLMAVVAFLVSLMLHRKGKGMRL,[H+]
33,P43676,wild,MLNLFVGLDIYTGLLLLLALAFVLFYEAINGFHDTANAVAAVIYTRAMQPQLAVVMAAFFNFFGVLLGGLSVAYAIVHMLPTDLLLNMGSTHGLAMVFSMLLAAIIWNLGTWFFGLPASSSHTLIGAIIGIGLTNALLTGSSVMDALNLREVTKIFSSLIVSPIVGLVIAGGLIFLLRRYWSGTKKRDRIHRIPEDRKKKKGKRKPPFWTRIALIVSAAGVAFSHGANDGQKGIGLVMLVLVGIAPAGFVVNMNASGYEITRTRDAVTNFEHYLQQHPELPQKLIAMEPPLPAASTDGTQVTEFHCHPANTFDAIARVKTMLPGNMESYEPLSVSQRSQLRRIMLCISDTSAKLAKLPGVSKEDQNLLKKLRSDMLSTIEYAPVWIIMAVALALGIGTMIGWRRVAMTIGEKIGKRGMTYAQGMAAQMTAAVSIGLASYIGMPVSTTHVLSSAVAGTMVVDGGGLQRKTVTSILMAWVFTLPAAIFLSGGLYWIALQLI,[H+]
34,P43676,wild,MLNLFVGLDIYTGLLLLLALAFVLFYEAINGFHDTANAVAAVIYTRAMQPQLAVVMAAFFNFFGVLLGGLSVAYAIVHMLPTDLLLNMGSTHGLAMVFSMLLAAIIWNLGTWFFGLPASSSHTLIGAIIGIGLTNALLTGSSVMDALNLREVTKIFSSLIVSPIVGLVIAGGLIFLLRRYWSGTKKRDRIHRIPEDRKKKKGKRKPPFWTRIALIVSAAGVAFSHGANDGQKGIGLVMLVLVGIAPAGFVVNMNASGYEITRTRDAVTNFEHYLQQHPELPQKLIAMEPPLPAASTDGTQVTEFHCHPANTFDAIARVKTMLPGNMESYEPLSVSQRSQLRRIMLCISDTSAKLAKLPGVSKEDQNLLKKLRSDMLSTIEYAPVWIIMAVALALGIGTMIGWRRVAMTIGEKIGKRGMTYAQGMAAQMTAAVSIGLASYIGMPVSTTHVLSSAVAGTMVVDGGGLQRKTVTSILMAWVFTLPAAIFLSGGLYWIALQLI,OP(=O)(O)O
35,P0AFJ7,wild,MLHLFAGLDLHTGLLLLLALAFVLFYEAINGFHDTANAVATVIYTRAMRSQLAVVMAAVFNFLGVLLGGLSVAYAIVHMLPTDLLLNMGSSHGLAMVFSMLLAAIIWNLGTWYFGLPASSSHTLIGAIIGIGLTNALMTGTSVVDALNIPKVLSIFGSLIVSPIVGLVFAGGLIFLLRRYWSGTKKRARIHLTPAEREKKDGKKKPPFWTRIALILSAIGVAFSHGANDGQKGIGLVMLVLIGVAPAGFVVNMNATGYEITRTRDAINNVEAYFEQHPALLKQATGADQLVPAPEAGATQPAEFHCHPSNTINALNRLKGMLTTDVESYDKLSLDQRSQMRRIMLCVSDTIDKVVKMPGVSADDQRLLKKLKSDMLSTIEYAPVWIIMAVALALGIGTMIGWRRVATTIGEKIGKKGMTYAQGMSAQMTAAVSIGLASYTGMPVSTTHVLSSSVAGTMVVDGGGLQRKTVTSILMAWVFTLPAAVLLSGGLYWLSLQFL,[H+]
36,P0AFJ7,wild,MLHLFAGLDLHTGLLLLLALAFVLFYEAINGFHDTANAVATVIYTRAMRSQLAVVMAAVFNFLGVLLGGLSVAYAIVHMLPTDLLLNMGSSHGLAMVFSMLLAAIIWNLGTWYFGLPASSSHTLIGAIIGIGLTNALMTGTSVVDALNIPKVLSIFGSLIVSPIVGLVFAGGLIFLLRRYWSGTKKRARIHLTPAEREKKDGKKKPPFWTRIALILSAIGVAFSHGANDGQKGIGLVMLVLIGVAPAGFVVNMNATGYEITRTRDAINNVEAYFEQHPALLKQATGADQLVPAPEAGATQPAEFHCHPSNTINALNRLKGMLTTDVESYDKLSLDQRSQMRRIMLCVSDTIDKVVKMPGVSADDQRLLKKLKSDMLSTIEYAPVWIIMAVALALGIGTMIGWRRVATTIGEKIGKKGMTYAQGMSAQMTAAVSIGLASYTGMPVSTTHVLSSSVAGTMVVDGGGLQRKTVTSILMAWVFTLPAAVLLSGGLYWLSLQFL,OP(=O)(O)O
37,P0A830,wild,MKTSLFKSLYFQVLTAIAIGILLGHFYPEIGEQMKPLGDGFVKLIKMIIAPVIFCTVVTGIAGMESMKAVGRTGAVALLYFEIVSTIALIIGLIIVNVVQPGAGMNVDPATLDAKAVAVYADQAKDQGIVAFIMDVIPASVIGAFASGNILQVLLFAVLFGFALHRLGSKGQLIFNVIESFSQVIFGIINMIMRLAPIGAFGAMAFTIGKYGVGTLVQLGQLIICFYITCILFVVLVLGSIAKATGFSIFKFIRYIREELLIVLGTSSSESALPRMLDKMEKLGCRKSVVGLVIPTGYSFNLDGTSIYLTMAAVFIAQATNSQMDIVHQITLLIVLLLSSKGAAGVTGSGFIVLAATLSAVGHLPVAGLALILGIDRFMSEARALTNLVGNGVATIVVAKWVKELDHKKLDDVLNNRAPDGKTHELSS,[H+]
38,P0A830,wild,MKTSLFKSLYFQVLTAIAIGILLGHFYPEIGEQMKPLGDGFVKLIKMIIAPVIFCTVVTGIAGMESMKAVGRTGAVALLYFEIVSTIALIIGLIIVNVVQPGAGMNVDPATLDAKAVAVYADQAKDQGIVAFIMDVIPASVIGAFASGNILQVLLFAVLFGFALHRLGSKGQLIFNVIESFSQVIFGIINMIMRLAPIGAFGAMAFTIGKYGVGTLVQLGQLIICFYITCILFVVLVLGSIAKATGFSIFKFIRYIREELLIVLGTSSSESALPRMLDKMEKLGCRKSVVGLVIPTGYSFNLDGTSIYLTMAAVFIAQATNSQMDIVHQITLLIVLLLSSKGAAGVTGSGFIVLAATLSAVGHLPVAGLALILGIDRFMSEARALTNLVGNGVATIVVAKWVKELDHKKLDDVLNNRAPDGKTHELSS,C(CC(=O)O)C(=O)O
39,Q46839,wild,MVTWTQMYMPMGGLGLSALVALIPIIFFFVALAVLRLKGHVAGAITLILSILIAIFAFKMPIDMAFAAAGYGFIYGLWPIAWIIVAAVFLYKLTVASGQFDIIRSSVISITDDQRLQVLLIGFSFGALLEGAAGFGAPVAITGALLVGLGFKPLYAAGLCLIANTAPVAFGALGVPILVAGQVTGIDPFHIGAMAGRQLPFLSVLVPFWLVAMMDGWKGVKETWPAALVAGGSFAVTQFFTSNYIGPELPDITSALVSIVSLALFLKVWRPKNTETAISMGQSAGAMVVNKPSSGGPVPSEYSLGQIIRAWSPFLILTVLVTIWTMKPFKALFAPGGAFYSLVINFQIPHLHQQVLKAAPIVAQPTPMDAVFKFDPLSAGGTAIFIAAIISIFILGVGIKKGIGVFAETLISLKWPILSIGMVLAFAFVTNYSGMSTTLALVLAGTGVMFPFFSPFLGWLGVFLTGSDTSSNALFGSLQSTTAQQINVSDTLLVAANTSGGVTGKMISPQSIAVACAATGMVGRESELFRYTVKHSLIFASVIGIITLLQAYVFTGMLVS,[H+]
40,Q46839,wild,MVTWTQMYMPMGGLGLSALVALIPIIFFFVALAVLRLKGHVAGAITLILSILIAIFAFKMPIDMAFAAAGYGFIYGLWPIAWIIVAAVFLYKLTVASGQFDIIRSSVISITDDQRLQVLLIGFSFGALLEGAAGFGAPVAITGALLVGLGFKPLYAAGLCLIANTAPVAFGALGVPILVAGQVTGIDPFHIGAMAGRQLPFLSVLVPFWLVAMMDGWKGVKETWPAALVAGGSFAVTQFFTSNYIGPELPDITSALVSIVSLALFLKVWRPKNTETAISMGQSAGAMVVNKPSSGGPVPSEYSLGQIIRAWSPFLILTVLVTIWTMKPFKALFAPGGAFYSLVINFQIPHLHQQVLKAAPIVAQPTPMDAVFKFDPLSAGGTAIFIAAIISIFILGVGIKKGIGVFAETLISLKWPILSIGMVLAFAFVTNYSGMSTTLALVLAGTGVMFPFFSPFLGWLGVFLTGSDTSSNALFGSLQSTTAQQINVSDTLLVAANTSGGVTGKMISPQSIAVACAATGMVGRESELFRYTVKHSLIFASVIGIITLLQAYVFTGMLVS,C[C@H](C(=O)O)O
41,P33231,wild,MNLWQQNYDPAGNIWLSSLIASLPILFFFFALIKLKLKGYVAASWTVAIALAVALLFYKMPVANALASVVYGFFYGLWPIAWIIIAAVFVYKISVKTGQFDIIRSSILSITPDQRLQMLIVGFCFGAFLEGAAGFGAPVAITAALLVGLGFKPLYAAGLCLIVNTAPVAFGAMGIPILVAGQVTGIDSFEIGQMVGRQLPFMTIIVLFWIMAIMDGWRGIKETWPAVVVAGGSFAIAQYLSSNFIGPELPDIISSLVSLLCLTLFLKRWQPVRVFRFGDLGASQVDMTLAHTGYTAGQVLRAWTPFLFLTATVTLWSIPPFKALFASGGALYEWVINIPVPYLDKLVARMPPVVSEATAYAAVFKFDWFSATGTAILFAALLSIVWLKMKPSDAISTFGSTLKELALPIYSIGMVLAFAFISNYSGLSSTLALALAHTGHAFTFFSPFLGWLGVFLTGSDTSSNALFAALQATAAQQIGVSDLLLVAANTTGGVTGKMISPQSIAIACAAVGLVGKESDLFRFTVKHSLIFTCIVGVITTLQAYVLTWMIP,[H+]
42,P33231,wild,MNLWQQNYDPAGNIWLSSLIASLPILFFFFALIKLKLKGYVAASWTVAIALAVALLFYKMPVANALASVVYGFFYGLWPIAWIIIAAVFVYKISVKTGQFDIIRSSILSITPDQRLQMLIVGFCFGAFLEGAAGFGAPVAITAALLVGLGFKPLYAAGLCLIVNTAPVAFGAMGIPILVAGQVTGIDSFEIGQMVGRQLPFMTIIVLFWIMAIMDGWRGIKETWPAVVVAGGSFAIAQYLSSNFIGPELPDIISSLVSLLCLTLFLKRWQPVRVFRFGDLGASQVDMTLAHTGYTAGQVLRAWTPFLFLTATVTLWSIPPFKALFASGGALYEWVINIPVPYLDKLVARMPPVVSEATAYAAVFKFDWFSATGTAILFAALLSIVWLKMKPSDAISTFGSTLKELALPIYSIGMVLAFAFISNYSGLSSTLALALAHTGHAFTFFSPFLGWLGVFLTGSDTSSNALFAALQATAAQQIGVSDLLLVAANTTGGVTGKMISPQSIAIACAAVGLVGKESDLFRFTVKHSLIFTCIVGVITTLQAYVLTWMIP,C[C@H](C(=O)O)O
43,P0AC23,wild,MKADNPFDLLLPAAMAKVAEEAGVYKATKHPLKTFYLAITAGVFISIAFVFYITATTGTGTMPFGMAKLVGGICFSLGLILCVVCGADLFTSTVLIVVAKASGRITWGQLAKNWLNVYFGNLVGALLFVLLMWLSGEYMTANGQWGLNVLQTADHKVHHTFIEAVCLGILANLMVCLAVWMSYSGRSLMDKAFIMVLPVAMFVASGFEHSIANMFMIPMGIVIRDFASPEFWTAVGSAPENFSHLTVMNFITDNLIPVTIGNIIGGGLLVGLTYWVIYLRENDHH,C(=O)O
44,P0AC23,wild,MKADNPFDLLLPAAMAKVAEEAGVYKATKHPLKTFYLAITAGVFISIAFVFYITATTGTGTMPFGMAKLVGGICFSLGLILCVVCGADLFTSTVLIVVAKASGRITWGQLAKNWLNVYFGNLVGALLFVLLMWLSGEYMTANGQWGLNVLQTADHKVHHTFIEAVCLGILANLMVCLAVWMSYSGRSLMDKAFIMVLPVAMFVASGFEHSIANMFMIPMGIVIRDFASPEFWTAVGSAPENFSHLTVMNFITDNLIPVTIGNIIGGGLLVGLTYWVIYLRENDHH,[H+]
45,P77733,wild,MRNKLSFDLQLSARKAAIAERIAAHKIARSKVSVFLMAMSAGVFMAIGFTFYLSVIADAPSSQALTHLVGGLCFTLGFILLAVCGTSLFTSSVMTVMAKSRGVISWRTWLINALLVACGNLAGIACFSLLIWFSGLVMSENAMWGVAVLHCAEGKMHHTFTESVSLGIMCNLMVCLALWMSYCGRSLCDKIVAMILPITLFVASGFEHCIANLFVIPFAIAIRHFAPPPFWQLAHSSADNFPALTVSHFITANLLPVMLGNIIGGAVLVSMCYRAIYLRQEP,C(=O)O
46,P77733,wild,MRNKLSFDLQLSARKAAIAERIAAHKIARSKVSVFLMAMSAGVFMAIGFTFYLSVIADAPSSQALTHLVGGLCFTLGFILLAVCGTSLFTSSVMTVMAKSRGVISWRTWLINALLVACGNLAGIACFSLLIWFSGLVMSENAMWGVAVLHCAEGKMHHTFTESVSLGIMCNLMVCLALWMSYCGRSLCDKIVAMILPITLFVASGFEHCIANLFVIPFAIAIRHFAPPPFWQLAHSSADNFPALTVSHFITANLLPVMLGNIIGGAVLVSMCYRAIYLRQEP,[H+]
47,P0A830,wild,MKTSLFKSLYFQVLTAIAIGILLGHFYPEIGEQMKPLGDGFVKLIKMIIAPVIFCTVVTGIAGMESMKAVGRTGAVALLYFEIVSTIALIIGLIIVNVVQPGAGMNVDPATLDAKAVAVYADQAKDQGIVAFIMDVIPASVIGAFASGNILQVLLFAVLFGFALHRLGSKGQLIFNVIESFSQVIFGIINMIMRLAPIGAFGAMAFTIGKYGVGTLVQLGQLIICFYITCILFVVLVLGSIAKATGFSIFKFIRYIREELLIVLGTSSSESALPRMLDKMEKLGCRKSVVGLVIPTGYSFNLDGTSIYLTMAAVFIAQATNSQMDIVHQITLLIVLLLSSKGAAGVTGSGFIVLAATLSAVGHLPVAGLALILGIDRFMSEARALTNLVGNGVATIVVAKWVKELDHKKLDDVLNNRAPDGKTHELSS,C(=C/C(=O)O)\C(=O)O
48,P21345,wild,MKNIKFSLAWQILFAMVLGILLGSYLHYHSDSRDWLVVNLLSPAGDIFIHLIKMIVVPIVISTLVVGIAGVGDAKQLGRIGAKTIIYFEVITTVAIILGITLANVFQPGAGVDMSQLATVDISKYQSTTEAVQSSSHGIMGTILSLVPTNIVASMAKGEMLPIIFFSVLFGLGLSSLPATHREPLVTVFRSISETMFKVTHMVMRYAPVGVFALIAVTVANFGFSSLWPLAKLVLLVHFAILFFALVVLGIVARLCGLSVWILIRILKDELILAYSTASSESVLPRIIEKMEAYGAPVSITSFVVPTGYSFNLDGSTLYQSIAAIFIAQLYGIDLSIWQEIILVLTLMVTSKGIAGVPGVSFVVLLATLGSVGIPLEGLAFIAGVDRILDMARTALNVVGNALAVLVIAKWEHKFDRKKALAYEREVLGKFDKTADQ,C(CC(=O)O)[C@@H](C(=O)O)N
49,P21345,wild,MKNIKFSLAWQILFAMVLGILLGSYLHYHSDSRDWLVVNLLSPAGDIFIHLIKMIVVPIVISTLVVGIAGVGDAKQLGRIGAKTIIYFEVITTVAIILGITLANVFQPGAGVDMSQLATVDISKYQSTTEAVQSSSHGIMGTILSLVPTNIVASMAKGEMLPIIFFSVLFGLGLSSLPATHREPLVTVFRSISETMFKVTHMVMRYAPVGVFALIAVTVANFGFSSLWPLAKLVLLVHFAILFFALVVLGIVARLCGLSVWILIRILKDELILAYSTASSESVLPRIIEKMEAYGAPVSITSFVVPTGYSFNLDGSTLYQSIAAIFIAQLYGIDLSIWQEIILVLTLMVTSKGIAGVPGVSFVVLLATLGSVGIPLEGLAFIAGVDRILDMARTALNVVGNALAVLVIAKWEHKFDRKKALAYEREVLGKFDKTADQ,[H+]
50,P60844,wild,MFRKLAAECFGTFWLVFGGCGSAVLAAGFPELGIGFAGVALAFGLTVLTMAFAVGHISGGHFNPAVTIGLWAGGRFPAKEVVGYVIAQVVGGIVAAALLYLIASGKTGFDAAASGFASNGYGEHSPGGYSMLSALVVELVLSAGFLLVIHGATDKFAPAGFAPIAIGLALTLIHLISIPVTNTSVNPARSTAVAIFQGGWALEQLWFFWVVPIVGGIIGGLIYRTLLEKRD,O
51,P0A830,wild,MKTSLFKSLYFQVLTAIAIGILLGHFYPEIGEQMKPLGDGFVKLIKMIIAPVIFCTVVTGIAGMESMKAVGRTGAVALLYFEIVSTIALIIGLIIVNVVQPGAGMNVDPATLDAKAVAVYADQAKDQGIVAFIMDVIPASVIGAFASGNILQVLLFAVLFGFALHRLGSKGQLIFNVIESFSQVIFGIINMIMRLAPIGAFGAMAFTIGKYGVGTLVQLGQLIICFYITCILFVVLVLGSIAKATGFSIFKFIRYIREELLIVLGTSSSESALPRMLDKMEKLGCRKSVVGLVIPTGYSFNLDGTSIYLTMAAVFIAQATNSQMDIVHQITLLIVLLLSSKGAAGVTGSGFIVLAATLSAVGHLPVAGLALILGIDRFMSEARALTNLVGNGVATIVVAKWVKELDHKKLDDVLNNRAPDGKTHELSS,C([C@@H](C(=O)O)O)C(=O)O
52,P69681,wild,MKIATIKTGLASLAMLPGLVMAAPAVADKADNAFMMICTALVLFMTIPGIALFYGGLIRGKNVLSMLTQVTVTFALVCILWVVYGYSLAFGEGNNFFGNINWLMLKNIELTAVMGSIYQYIHVAFQGSFACITVGLIVGALAERIRFSAVLIFVVVWLTLSYIPIAHMVWGGGLLASHGALDFAGGTVVHINAAIAGLVGAYLIGKRVGFGKEAFKPHNLPMVFTGTAILYIGWFGFNAGSAGTANEIAALAFVNTVVATAAAILGWIFGEWALRGKPSLLGACSGAIAGLVGVTPACGYIGVGGALIIGVVAGLAGLWGVTMLKRLLRVDDPCDVFGVHGVCGIVGCIMTGIFAASSLGGVGFAEGVTMGHQLLVQLESIAITIVWSGVVAFIGYKLADLTVGLRVPEEQEREGLDVNSHGENAYNA,N
